{"cameraMode":{"drawMode":0,"name":"Shaded","section":"Shading Mode"},"sceneLighting":true,"audioPlay":false,"sceneViewState":{"showFog":true,"showMaterialUpdate":false,"showSkybox":true,"showFlares":true,"showImageEffects":true,"showParticleSystems":true},"in2DMode":false,"pivot":{"x":9.741927146911621,"y":4.18550443649292,"z":-30.519424438476564},"rotation":{"x":0.3823862373828888,"y":-0.009701371192932129,"z":0.004016432911157608,"w":0.9239488244056702},"size":10.131300926208496,"orthographic":false}