{"cameraMode":{"drawMode":0,"name":"Shaded","section":"Shading Mode"},"sceneLighting":false,"audioPlay":false,"sceneViewState":{"showFog":true,"showMaterialUpdate":false,"showSkybox":false,"showFlares":true,"showImageEffects":true,"showParticleSystems":true},"in2DMode":false,"pivot":{"x":-0.8022878766059876,"y":0.19552306830883027,"z":0.8538936376571655},"rotation":{"x":-0.41474905610084536,"y":-0.024030636996030809,"z":0.010943728499114514,"w":-0.9095897674560547},"size":2.221221446990967,"orthographic":false}